<?xml version="1.0" encoding="utf-8"?>


<Patients>
    <Patient>
        <id>1</id>
        <gender>M</gender>
        <name>Paulo António</name>
        <birth>2001</birth>
        <bi>12435679</bi>
        <tax>242656890</tax>
        <healthsystem>ADSE</healthsystem>
    </Patient>
    <Patient>
        <id>2</id>
        <gender>M</gender>
        <name>José Ricardo</name>
        <birth>1988</birth>
        <bi>12345619</bi>
        <tax>182746398</tax>
        <healthsystem>Multicare</healthsystem>
    </Patient>
    <Patient>
        <id>3</id>
        <gender>F</gender>
        <name>Maria Rita</name>
        <birth>1991</birth>
        <bi>23516787</bi>
        <tax>198787627</tax>
        <healthsystem>Multicare</healthsystem>
    </Patient>
    <Patient>
        <id>4</id>
        <gender>M</gender>
        <name>Miguel Antunes</name>
        <birth>2007</birth>
        <bi>29878167</bi>
        <tax>298716726</tax>
        <healthsystem>Multicare</healthsystem>
    </Patient>
    <Patient>
        <id>5</id>
        <gender>F</gender>
        <name>Daniela Relvão</name>
        <birth>1976</birth>
        <bi>24509878</bi>
        <tax>287671656</tax>
        <healthsystem>ADSE</healthsystem>
    </Patient>
    <Patient>
        <id>6</id>
        <gender>F</gender>
        <name>Juliana Mendes</name>
        <birth>2010</birth>
        <bi>39817623</bi>
        <tax>187676543</tax>
        <healthsystem>Médis</healthsystem>
    </Patient>
</Patients>